<?xml version="1.0" encoding="UTF-8" ?>
<!DOCTYPE mapper PUBLIC "-//mybatis.org//DTD Mapper 3.0//EN" "http://mybatis.org/dtd/mybatis-3-mapper.dtd" >
<mapper namespace="com.sxt.sys.mapper.DeptMapper" >
  <resultMap id="BaseResultMap" type="com.sxt.sys.domain.Dept" >
    <id column="id" property="id" jdbcType="INTEGER" />
    <result column="pid" property="pid" jdbcType="INTEGER" />
    <result column="name" property="name" jdbcType="VARCHAR" />
    <result column="spread" property="spread" jdbcType="INTEGER" />
    <result column="parent" property="parent" jdbcType="INTEGER" />
    <result column="remark" property="remark" jdbcType="VARCHAR" />
    <result column="loc" property="loc" jdbcType="VARCHAR" />
    <result column="available" property="available" jdbcType="INTEGER" />
    <result column="ordernum" property="ordernum" jdbcType="INTEGER" />
  </resultMap>
  <sql id="Base_Column_List" >
    id, pid, name, spread, parent, remark, loc, available, ordernum
  </sql>
  <select id="selectByPrimaryKey" resultMap="BaseResultMap" parameterType="java.lang.Integer" >
    select 
    <include refid="Base_Column_List" />
    from sys_dept
    where id = #{id,jdbcType=INTEGER}
  </select>
  <delete id="deleteByPrimaryKey" parameterType="java.lang.Integer" >
    delete from sys_dept
    where id = #{id,jdbcType=INTEGER}
  </delete>
  <insert id="insert" parameterType="com.sxt.sys.domain.Dept" >
    insert into sys_dept (id, pid, name, 
      spread, parent, remark, 
      loc, available, ordernum
      )
    values (#{id,jdbcType=INTEGER}, #{pid,jdbcType=INTEGER}, #{name,jdbcType=VARCHAR}, 
      #{spread,jdbcType=INTEGER}, #{parent,jdbcType=INTEGER}, #{remark,jdbcType=VARCHAR}, 
      #{loc,jdbcType=VARCHAR}, #{available,jdbcType=INTEGER}, #{ordernum,jdbcType=INTEGER}
      )
  </insert>
  <insert id="insertSelective" parameterType="com.sxt.sys.domain.Dept" >
    insert into sys_dept
    <trim prefix="(" suffix=")" suffixOverrides="," >
      <if test="id != null" >
        id,
      </if>
      <if test="pid != null" >
        pid,
      </if>
      <if test="name != null" >
        name,
      </if>
      <if test="spread != null" >
        spread,
      </if>
      <if test="parent != null" >
        parent,
      </if>
      <if test="remark != null" >
        remark,
      </if>
      <if test="loc != null" >
        loc,
      </if>
      <if test="available != null" >
        available,
      </if>
      <if test="ordernum != null" >
        ordernum,
      </if>
    </trim>
    <trim prefix="values (" suffix=")" suffixOverrides="," >
      <if test="id != null" >
        #{id,jdbcType=INTEGER},
      </if>
      <if test="pid != null" >
        #{pid,jdbcType=INTEGER},
      </if>
      <if test="name != null" >
        #{name,jdbcType=VARCHAR},
      </if>
      <if test="spread != null" >
        #{spread,jdbcType=INTEGER},
      </if>
      <if test="parent != null" >
        #{parent,jdbcType=INTEGER},
      </if>
      <if test="remark != null" >
        #{remark,jdbcType=VARCHAR},
      </if>
      <if test="loc != null" >
        #{loc,jdbcType=VARCHAR},
      </if>
      <if test="available != null" >
        #{available,jdbcType=INTEGER},
      </if>
      <if test="ordernum != null" >
        #{ordernum,jdbcType=INTEGER},
      </if>
    </trim>
  </insert>
  <update id="updateByPrimaryKeySelective" parameterType="com.sxt.sys.domain.Dept" >
    update sys_dept
    <set >
      <if test="pid != null" >
        pid = #{pid,jdbcType=INTEGER},
      </if>
      <if test="name != null" >
        name = #{name,jdbcType=VARCHAR},
      </if>
      <if test="spread != null" >
        spread = #{spread,jdbcType=INTEGER},
      </if>
      <if test="parent != null" >
        parent = #{parent,jdbcType=INTEGER},
      </if>
      <if test="remark != null" >
        remark = #{remark,jdbcType=VARCHAR},
      </if>
      <if test="loc != null" >
        loc = #{loc,jdbcType=VARCHAR},
      </if>
      <if test="available != null" >
        available = #{available,jdbcType=INTEGER},
      </if>
      <if test="ordernum != null" >
        ordernum = #{ordernum,jdbcType=INTEGER},
      </if>
    </set>
    where id = #{id,jdbcType=INTEGER}
  </update>
  <update id="updateByPrimaryKey" parameterType="com.sxt.sys.domain.Dept" >
    update sys_dept
    set pid = #{pid,jdbcType=INTEGER},
      name = #{name,jdbcType=VARCHAR},
      spread = #{spread,jdbcType=INTEGER},
      parent = #{parent,jdbcType=INTEGER},
      remark = #{remark,jdbcType=VARCHAR},
      loc = #{loc,jdbcType=VARCHAR},
      available = #{available,jdbcType=INTEGER},
      ordernum = #{ordernum,jdbcType=INTEGER}
    where id = #{id,jdbcType=INTEGER}
  </update>
  <!-- 全查询 -->
	<select id="queryAllDept" resultMap="BaseResultMap"
		parameterType="com.sxt.sys.domain.Dept">
		select
		<include refid="Base_Column_List" />
		from sys_dept
		<where>
			<if test="available!=null">
				and available=#{available}
			</if>
			<if test="remark!=null">
				and remark like concat("%",#{remark},"%")
			</if>
			<if test="loc!=null">
				and loc like concat("%",#{loc},"%")
			</if>
			<if test="name!=null">
				and name like concat("%",#{name},"%")
			</if>
			<if test="id!=null">
				and (id=#{id} or pid=#{id})
			</if>
		</where>
		order by ordernum
	</select>
	
</mapper>