<?xml version="1.0" encoding="UTF-8" ?>
<!DOCTYPE mapper PUBLIC "-//mybatis.org//DTD Mapper 3.0//EN" "http://mybatis.org/dtd/mybatis-3-mapper.dtd" >
<mapper namespace="com.sxt.sys.mapper.LogInfoMapper" >
  <resultMap id="BaseResultMap" type="com.sxt.sys.domain.LogInfo" >
    <id column="id" property="id" jdbcType="INTEGER" />
    <result column="loginname" property="loginname" jdbcType="VARCHAR" />
    <result column="loginip" property="loginip" jdbcType="VARCHAR" />
    <result column="logintime" property="logintime" jdbcType="TIMESTAMP" />
  </resultMap>
  <sql id="Base_Column_List" >
    id, loginname, loginip, logintime
  </sql>
  <select id="selectByPrimaryKey" resultMap="BaseResultMap" parameterType="java.lang.Integer" >
    select 
    <include refid="Base_Column_List" />
    from sys_log_login
    where id = #{id,jdbcType=INTEGER}
  </select>
  <delete id="deleteByPrimaryKey" parameterType="java.lang.Integer" >
    delete from sys_log_login
    where id = #{id,jdbcType=INTEGER}
  </delete>
  <insert id="insert" parameterType="com.sxt.sys.domain.LogInfo" >
    insert into sys_log_login (id, loginname, loginip, 
      logintime)
    values (#{id,jdbcType=INTEGER}, #{loginname,jdbcType=VARCHAR}, #{loginip,jdbcType=VARCHAR}, 
      #{logintime,jdbcType=TIMESTAMP})
  </insert>
  <insert id="insertSelective" parameterType="com.sxt.sys.domain.LogInfo" >
    insert into sys_log_login
    <trim prefix="(" suffix=")" suffixOverrides="," >
      <if test="id != null" >
        id,
      </if>
      <if test="loginname != null" >
        loginname,
      </if>
      <if test="loginip != null" >
        loginip,
      </if>
      <if test="logintime != null" >
        logintime,
      </if>
    </trim>
    <trim prefix="values (" suffix=")" suffixOverrides="," >
      <if test="id != null" >
        #{id,jdbcType=INTEGER},
      </if>
      <if test="loginname != null" >
        #{loginname,jdbcType=VARCHAR},
      </if>
      <if test="loginip != null" >
        #{loginip,jdbcType=VARCHAR},
      </if>
      <if test="logintime != null" >
        #{logintime,jdbcType=TIMESTAMP},
      </if>
    </trim>
  </insert>
  <update id="updateByPrimaryKeySelective" parameterType="com.sxt.sys.domain.LogInfo" >
    update sys_log_login
    <set >
      <if test="loginname != null" >
        loginname = #{loginname,jdbcType=VARCHAR},
      </if>
      <if test="loginip != null" >
        loginip = #{loginip,jdbcType=VARCHAR},
      </if>
      <if test="logintime != null" >
        logintime = #{logintime,jdbcType=TIMESTAMP},
      </if>
    </set>
    where id = #{id,jdbcType=INTEGER}
  </update>
  <update id="updateByPrimaryKey" parameterType="com.sxt.sys.domain.LogInfo" >
    update sys_log_login
    set loginname = #{loginname,jdbcType=VARCHAR},
      loginip = #{loginip,jdbcType=VARCHAR},
      logintime = #{logintime,jdbcType=TIMESTAMP}
    where id = #{id,jdbcType=INTEGER}
  </update>
  
  <select id="queryAllLogInfo" resultMap="BaseResultMap" parameterType="com.sxt.sys.vo.LogInfoVo">
   select 
    <include refid="Base_Column_List" />
    from sys_log_login
   	<where>
   		<if test="loginname!=null">
   			and loginname like concat("%",#{loginname},"%")
   		</if>
   		<if test="startDate!=null">
   			and logintime>=#{startDate}
   		</if>
   		<if test="endDate!=null">
   			and logintime<![CDATA[<=]]>#{endDate}
   		</if>
   	</where>
  </select>
</mapper>