<?xml version="1.0" encoding="UTF-8" ?>
<!DOCTYPE mapper PUBLIC "-//mybatis.org//DTD Mapper 3.0//EN" "http://mybatis.org/dtd/mybatis-3-mapper.dtd" >
<mapper namespace="com.sxt.sys.mapper.UserMapper">
	<resultMap id="BaseResultMap" type="com.sxt.sys.domain.User">
		<id column="id" property="id" jdbcType="INTEGER" />
		<result column="name" property="name" jdbcType="VARCHAR" />
		<result column="loginname" property="loginname"
			jdbcType="VARCHAR" />
		<result column="address" property="address" jdbcType="VARCHAR" />
		<result column="sex" property="sex" jdbcType="INTEGER" />
		<result column="remark" property="remark" jdbcType="VARCHAR" />
		<result column="pwd" property="pwd" jdbcType="VARCHAR" />
		<result column="deptid" property="deptid" jdbcType="INTEGER" />
		<result column="hiredate" property="hiredate"
			jdbcType="TIMESTAMP" />
		<result column="mgr" property="mgr" jdbcType="INTEGER" />
		<result column="available" property="available"
			jdbcType="INTEGER" />
		<result column="ordernum" property="ordernum"
			jdbcType="INTEGER" />
		<result column="type" property="type" jdbcType="INTEGER" />
		<result column="imgpath" property="imgpath" jdbcType="VARCHAR" />
	</resultMap>
	<sql id="Base_Column_List">
		id, name, loginname, address, sex, remark, pwd, deptid, hiredate, mgr,
		available,
		ordernum, type, imgpath
	</sql>
	<select id="selectByPrimaryKey" resultMap="BaseResultMap"
		parameterType="java.lang.Integer">
		select
		<include refid="Base_Column_List" />
		from sys_user
		where id = #{id,jdbcType=INTEGER}
	</select>
	<delete id="deleteByPrimaryKey"
		parameterType="java.lang.Integer">
		delete from sys_user
		where id = #{id,jdbcType=INTEGER}
	</delete>
	<insert id="insert" parameterType="com.sxt.sys.domain.User">
		insert into sys_user (id, name, loginname,
		address, sex, remark,
		pwd, deptid, hiredate,
		mgr, available, ordernum,
		type, imgpath)
		values (#{id,jdbcType=INTEGER}, #{name,jdbcType=VARCHAR},
		#{loginname,jdbcType=VARCHAR},
		#{address,jdbcType=VARCHAR}, #{sex,jdbcType=INTEGER}, #{remark,jdbcType=VARCHAR},
		#{pwd,jdbcType=VARCHAR}, #{deptid,jdbcType=INTEGER},
		#{hiredate,jdbcType=TIMESTAMP},
		#{mgr,jdbcType=INTEGER}, #{available,jdbcType=INTEGER}, #{ordernum,jdbcType=INTEGER},
		#{type,jdbcType=INTEGER}, #{imgpath,jdbcType=VARCHAR})
	</insert>
	<insert id="insertSelective"
		parameterType="com.sxt.sys.domain.User">
		insert into sys_user
		<trim prefix="(" suffix=")" suffixOverrides=",">
			<if test="id != null">
				id,
			</if>
			<if test="name != null">
				name,
			</if>
			<if test="loginname != null">
				loginname,
			</if>
			<if test="address != null">
				address,
			</if>
			<if test="sex != null">
				sex,
			</if>
			<if test="remark != null">
				remark,
			</if>
			<if test="pwd != null">
				pwd,
			</if>
			<if test="deptid != null">
				deptid,
			</if>
			<if test="hiredate != null">
				hiredate,
			</if>
			<if test="mgr != null">
				mgr,
			</if>
			<if test="available != null">
				available,
			</if>
			<if test="ordernum != null">
				ordernum,
			</if>
			<if test="type != null">
				type,
			</if>
			<if test="imgpath != null">
				imgpath,
			</if>
		</trim>
		<trim prefix="values (" suffix=")" suffixOverrides=",">
			<if test="id != null">
				#{id,jdbcType=INTEGER},
			</if>
			<if test="name != null">
				#{name,jdbcType=VARCHAR},
			</if>
			<if test="loginname != null">
				#{loginname,jdbcType=VARCHAR},
			</if>
			<if test="address != null">
				#{address,jdbcType=VARCHAR},
			</if>
			<if test="sex != null">
				#{sex,jdbcType=INTEGER},
			</if>
			<if test="remark != null">
				#{remark,jdbcType=VARCHAR},
			</if>
			<if test="pwd != null">
				#{pwd,jdbcType=VARCHAR},
			</if>
			<if test="deptid != null">
				#{deptid,jdbcType=INTEGER},
			</if>
			<if test="hiredate != null">
				#{hiredate,jdbcType=TIMESTAMP},
			</if>
			<if test="mgr != null">
				#{mgr,jdbcType=INTEGER},
			</if>
			<if test="available != null">
				#{available,jdbcType=INTEGER},
			</if>
			<if test="ordernum != null">
				#{ordernum,jdbcType=INTEGER},
			</if>
			<if test="type != null">
				#{type,jdbcType=INTEGER},
			</if>
			<if test="imgpath != null">
				#{imgpath,jdbcType=VARCHAR},
			</if>
		</trim>
	</insert>
	<update id="updateByPrimaryKeySelective"
		parameterType="com.sxt.sys.domain.User">
		update sys_user
		<set>
			<if test="name != null">
				name = #{name,jdbcType=VARCHAR},
			</if>
			<if test="loginname != null">
				loginname = #{loginname,jdbcType=VARCHAR},
			</if>
			<if test="address != null">
				address = #{address,jdbcType=VARCHAR},
			</if>
			<if test="sex != null">
				sex = #{sex,jdbcType=INTEGER},
			</if>
			<if test="remark != null">
				remark = #{remark,jdbcType=VARCHAR},
			</if>
			<if test="pwd != null">
				pwd = #{pwd,jdbcType=VARCHAR},
			</if>
			<if test="deptid != null">
				deptid = #{deptid,jdbcType=INTEGER},
			</if>
			<if test="hiredate != null">
				hiredate = #{hiredate,jdbcType=TIMESTAMP},
			</if>
			<if test="mgr != null">
				mgr = #{mgr,jdbcType=INTEGER},
			</if>
			<if test="available != null">
				available = #{available,jdbcType=INTEGER},
			</if>
			<if test="ordernum != null">
				ordernum = #{ordernum,jdbcType=INTEGER},
			</if>
			<if test="type != null">
				type = #{type,jdbcType=INTEGER},
			</if>
			<if test="imgpath != null">
				imgpath = #{imgpath,jdbcType=VARCHAR},
			</if>
		</set>
		where id = #{id,jdbcType=INTEGER}
	</update>
	<update id="updateByPrimaryKey"
		parameterType="com.sxt.sys.domain.User">
		update sys_user
		set name = #{name,jdbcType=VARCHAR},
		loginname = #{loginname,jdbcType=VARCHAR},
		address = #{address,jdbcType=VARCHAR},
		sex = #{sex,jdbcType=INTEGER},
		remark = #{remark,jdbcType=VARCHAR},
		pwd = #{pwd,jdbcType=VARCHAR},
		deptid = #{deptid,jdbcType=INTEGER},
		hiredate = #{hiredate,jdbcType=TIMESTAMP},
		mgr = #{mgr,jdbcType=INTEGER},
		available = #{available,jdbcType=INTEGER},
		ordernum = #{ordernum,jdbcType=INTEGER},
		type = #{type,jdbcType=INTEGER},
		imgpath = #{imgpath,jdbcType=VARCHAR}
		where id = #{id,jdbcType=INTEGER}
	</update>
	<!-- 根据登陆名查询用户 -->
	<select id="queryUserByLoginName" resultMap="BaseResultMap">
		select
		<include refid="Base_Column_List" />
		from sys_user
		where loginname=#{value}
	</select>

	
	<!-- 自定义结果集 -->
	<resultMap id="BaseResultMap2" type="com.sxt.sys.domain.User">
		<id column="id" property="id" jdbcType="INTEGER" />
		<result column="name" property="name" jdbcType="VARCHAR" />
		<result column="loginname" property="loginname"
			jdbcType="VARCHAR" />
		<result column="address" property="address" jdbcType="VARCHAR" />
		<result column="sex" property="sex" jdbcType="INTEGER" />
		<result column="remark" property="remark" jdbcType="VARCHAR" />
		<result column="pwd" property="pwd" jdbcType="VARCHAR" />
		<result column="deptid" property="deptid" jdbcType="INTEGER" />
		<result column="hiredate" property="hiredate"
			jdbcType="TIMESTAMP" />
		<result column="mgr" property="mgr" jdbcType="INTEGER" />
		<result column="available" property="available"
			jdbcType="INTEGER" />
		<result column="ordernum" property="ordernum"
			jdbcType="INTEGER" />
		<result column="type" property="type" jdbcType="INTEGER" />
		<result column="imgpath" property="imgpath" jdbcType="VARCHAR" />
		<result column="deptname" property="deptname"
			jdbcType="VARCHAR" />
		<result column="leadername" property="leadername"
			jdbcType="VARCHAR" />
	</resultMap>
	<!-- 根据登陆名查询用户 -->
	<select id="queryAllUsers" resultMap="BaseResultMap2" parameterType="com.sxt.sys.domain.User">
		select t3.*,t4.`name` as deptname from
		(select t1.*,t2.`name` as leadername from sys_user t1 left join sys_user t2
		on(t1.mgr=t2.id) where t1.type!=0) t3
		inner join sys_dept t4 on(t3.deptid=t4.id)
		<where>
			<if test="name!=null">
				and t3.name like concat("%",#{name},"%")
			</if>
			<if test="address!=null">
				and t3.address like concat("%",#{address},"%")
			</if>
			<if test="remark!=null">
				and t3.remark like concat("%",#{remark},"%")
			</if>
			<if test="deptid!=null">
				and t3.deptid=#{deptid}
			</if>
		</where>
	</select>
	
	<!-- 加载根据部门ID查询用户-->
	<select id="loadAllUserByDeptId" resultMap="BaseResultMap">
		select
		<include refid="Base_Column_List" />
		from sys_user
		where deptid=#{deptid} and type!=0
	</select>
	
<!-- 删除原有的用户的角色 -->
	<delete id="deleteUserRoleByUserId">
		delete from sys_role_user where uid=#{value}
	</delete>

	<!-- 保存用户的角色之间的关系 -->
	<insert id="insertUserRole" >
		insert into sys_role_user(uid,rid) values(#{param1},#{param2})
	</insert>
</mapper>