<?xml version="1.0" encoding="UTF-8" ?>
<!DOCTYPE mapper PUBLIC "-//mybatis.org//DTD Mapper 3.0//EN" "http://mybatis.org/dtd/mybatis-3-mapper.dtd" >
<mapper namespace="com.sxt.mapper.HotelMapper" >
  <resultMap id="BaseResultMap" type="com.sxt.domain.Hotel" >
    <id column="id" property="id" jdbcType="INTEGER" />
    <result column="name" property="name" jdbcType="VARCHAR" />
    <result column="address" property="address" jdbcType="VARCHAR" />
    <result column="mobile" property="mobile" jdbcType="VARCHAR" />
  </resultMap>
  <sql id="Base_Column_List" >
    id, name, address, mobile
  </sql>
  <select id="selectByPrimaryKey" resultMap="BaseResultMap" parameterType="java.lang.Integer" >
    select 
    <include refid="Base_Column_List" />
    from hotel
    where id = #{id,jdbcType=INTEGER}
  </select>
  <delete id="deleteByPrimaryKey" parameterType="java.lang.Integer" >
    delete from hotel
    where id = #{id,jdbcType=INTEGER}
  </delete>
  <insert id="insert" parameterType="com.sxt.domain.Hotel" >
    insert into hotel (id, name, address, 
      mobile)
    values (#{id,jdbcType=INTEGER}, #{name,jdbcType=VARCHAR}, #{address,jdbcType=VARCHAR}, 
      #{mobile,jdbcType=VARCHAR})
  </insert>
  <insert id="insertSelective" parameterType="com.sxt.domain.Hotel" >
    insert into hotel
    <trim prefix="(" suffix=")" suffixOverrides="," >
      <if test="id != null" >
        id,
      </if>
      <if test="name != null" >
        name,
      </if>
      <if test="address != null" >
        address,
      </if>
      <if test="mobile != null" >
        mobile,
      </if>
    </trim>
    <trim prefix="values (" suffix=")" suffixOverrides="," >
      <if test="id != null" >
        #{id,jdbcType=INTEGER},
      </if>
      <if test="name != null" >
        #{name,jdbcType=VARCHAR},
      </if>
      <if test="address != null" >
        #{address,jdbcType=VARCHAR},
      </if>
      <if test="mobile != null" >
        #{mobile,jdbcType=VARCHAR},
      </if>
    </trim>
  </insert>
  <update id="updateByPrimaryKeySelective" parameterType="com.sxt.domain.Hotel" >
    update hotel
    <set >
      <if test="name != null" >
        name = #{name,jdbcType=VARCHAR},
      </if>
      <if test="address != null" >
        address = #{address,jdbcType=VARCHAR},
      </if>
      <if test="mobile != null" >
        mobile = #{mobile,jdbcType=VARCHAR},
      </if>
    </set>
    where id = #{id,jdbcType=INTEGER}
  </update>
  <update id="updateByPrimaryKey" parameterType="com.sxt.domain.Hotel" >
    update hotel
    set name = #{name,jdbcType=VARCHAR},
      address = #{address,jdbcType=VARCHAR},
      mobile = #{mobile,jdbcType=VARCHAR}
    where id = #{id,jdbcType=INTEGER}
  </update>
  
	<!--   全查询 -->
  <select id="queryAll" resultMap="BaseResultMap"  >
    select 
    <include refid="Base_Column_List" />
    from hotel 
  </select>
</mapper>