<?xml version="1.0" encoding="UTF-8" ?>
<!DOCTYPE mapper PUBLIC "-//mybatis.org//DTD Mapper 3.0//EN" "http://mybatis.org/dtd/mybatis-3-mapper.dtd" >
<mapper namespace="com.sxt.mapper.RoomMapper" >
  <resultMap id="BaseResultMap" type="com.sxt.domain.Room" >
    <id column="id" property="id" jdbcType="INTEGER" />
    <result column="type" property="type" jdbcType="VARCHAR" />
    <result column="price" property="price" jdbcType="DOUBLE" />
    <result column="info" property="info" jdbcType="VARCHAR" />
    <result column="hotelid" property="hotelid" jdbcType="INTEGER" />
  </resultMap>
  <sql id="Base_Column_List" >
    id, type, price, info, hotelid
  </sql>
  <select id="selectByPrimaryKey" resultMap="BaseResultMap" parameterType="java.lang.Integer" >
    select 
    <include refid="Base_Column_List" />
    from room
    where id = #{id,jdbcType=INTEGER}
  </select>
  <delete id="deleteByPrimaryKey" parameterType="java.lang.Integer" >
    delete from room
    where id = #{id,jdbcType=INTEGER}
  </delete>
  <insert id="insert" parameterType="com.sxt.domain.Room" >
    insert into room (id, type, price, 
      info, hotelid)
    values (#{id,jdbcType=INTEGER}, #{type,jdbcType=VARCHAR}, #{price,jdbcType=DOUBLE}, 
      #{info,jdbcType=VARCHAR}, #{hotelid,jdbcType=INTEGER})
  </insert>
  <insert id="insertSelective" parameterType="com.sxt.domain.Room" >
    insert into room
    <trim prefix="(" suffix=")" suffixOverrides="," >
      <if test="id != null" >
        id,
      </if>
      <if test="type != null" >
        type,
      </if>
      <if test="price != null" >
        price,
      </if>
      <if test="info != null" >
        info,
      </if>
      <if test="hotelid != null" >
        hotelid,
      </if>
    </trim>
    <trim prefix="values (" suffix=")" suffixOverrides="," >
      <if test="id != null" >
        #{id,jdbcType=INTEGER},
      </if>
      <if test="type != null" >
        #{type,jdbcType=VARCHAR},
      </if>
      <if test="price != null" >
        #{price,jdbcType=DOUBLE},
      </if>
      <if test="info != null" >
        #{info,jdbcType=VARCHAR},
      </if>
      <if test="hotelid != null" >
        #{hotelid,jdbcType=INTEGER},
      </if>
    </trim>
  </insert>
  <update id="updateByPrimaryKeySelective" parameterType="com.sxt.domain.Room" >
    update room
    <set >
      <if test="type != null" >
        type = #{type,jdbcType=VARCHAR},
      </if>
      <if test="price != null" >
        price = #{price,jdbcType=DOUBLE},
      </if>
      <if test="info != null" >
        info = #{info,jdbcType=VARCHAR},
      </if>
      <if test="hotelid != null" >
        hotelid = #{hotelid,jdbcType=INTEGER},
      </if>
    </set>
    where id = #{id,jdbcType=INTEGER}
  </update>
  <update id="updateByPrimaryKey" parameterType="com.sxt.domain.Room" >
    update room
    set type = #{type,jdbcType=VARCHAR},
      price = #{price,jdbcType=DOUBLE},
      info = #{info,jdbcType=VARCHAR},
      hotelid = #{hotelid,jdbcType=INTEGER}
    where id = #{id,jdbcType=INTEGER}
  </update>
  
	<!--   全查询  queryAll-->
  <select id="queryAll" resultType="com.sxt.vo.RoomVo" parameterType="com.sxt.domain.Room" >
   SELECT * from room t1 left JOIN hotel t2	on t1.hotelid=t2.id
   <where>
   		<if test="name!=null">
   			and name like concat("%",#{name},"%")
   		</if>
   </where>
  </select>
  
  
</mapper>