<?xml version="1.0" encoding="UTF-8"?>
<beans xmlns="http://www.springframework.org/schema/beans"
	xmlns:context="http://www.springframework.org/schema/context"
	xmlns:xsi="http://www.w3.org/2001/XMLSchema-instance" xmlns:mvc="http://www.springframework.org/schema/mvc"
	xsi:schemaLocation="http://www.springframework.org/schema/beans 
	http://www.springframework.org/schema/beans/spring-beans.xsd
	http://www.springframework.org/schema/context
	http://www.springframework.org/schema/context/spring-context.xsd
	http://www.springframework.org/schema/mvc
        http://www.springframework.org/schema/mvc/spring-mvc.xsd">
	
	
	<!-- 解析db.properties
	因为 db.properties里面有username=root  
	如果在下面的数据源中使用${username}它取到的是当前系统的登陆名
	如果要使用db.properties里面的username必须加system-properties-mode="FALLBACK"这个属性
	 -->
	<context:property-placeholder location="classpath:db.properties" system-properties-mode="FALLBACK"/>
	
	<!-- 配置数据源 -->
	<bean id="dataSource"
		class="org.springframework.jdbc.datasource.DriverManagerDataSource">
		<property name="driverClassName" value="${driver}" />
		<property name="url" value="${url}" />
		<property name="username" value="${username}" />
		<property name="password" value="${password}" />
	</bean>
	
	<!-- 配置sqlSessinoFactory -->
	<bean id="sqlSessionFactory" class="org.mybatis.spring.SqlSessionFactoryBean">
		<property name="dataSource" ref="dataSource"></property>
		<!--mybatis的配置文件 -->
		<property name="configLocation" value="classpath:mybatis.cfg.xml" />
		<!--扫描 XXXmapper.xml映射文件,配置扫描的路径 这个不配置也可以，但是不配置的话，下面dao和xxxMapper.xml必须放在同一个包下面 -->
		<!-- <property name="mapperLocations" value="classpath:com/sxt/mapping/*.xml"></property> -->
		<property name="mapperLocations">
			<array>
				<value>classpath:com/sxt/bus/mapping/*.xml</value>
				<value>classpath:com/sxt/sys/mapping/*.xml</value>
			</array>
		</property>
	</bean>
	
	<!-- Mapper接口所在包名，Spring会自动查找之中的类   -->
	<bean class="org.mybatis.spring.mapper.MapperScannerConfigurer">
		<!-- 以下的配置只能指向一个包  如果配置多个呢  就在包的中间加, -->
		<!-- <property name="basePackage" value="com.sxt.mapper,com.bjsxt.mapper" /> -->
		<property name="basePackage" value="com.sxt.sys.mapper,com.sxt.bus.mapper" />
		<property name="sqlSessionFactoryBeanName" value="sqlSessionFactory"></property>
	</bean>

</beans>