<?xml version="1.0" encoding="UTF-8"?>
<beans xmlns="http://www.springframework.org/schema/beans"
	xmlns:context="http://www.springframework.org/schema/context"
	xmlns:xsi="http://www.w3.org/2001/XMLSchema-instance" xmlns:mvc="http://www.springframework.org/schema/mvc"
	xsi:schemaLocation="http://www.springframework.org/schema/beans 
	http://www.springframework.org/schema/beans/spring-beans.xsd
	http://www.springframework.org/schema/context
	http://www.springframework.org/schema/context/spring-context.xsd
	http://www.springframework.org/schema/mvc
        http://www.springframework.org/schema/mvc/spring-mvc.xsd">

	<!-- 扫描controller -->
	<context:component-scan base-package="com.sxt.sys.controller"></context:component-scan>
	<context:component-scan base-package="com.sxt.bus.controller"></context:component-scan>
	<!-- 配置映射器和适配器 -->
	<mvc:annotation-driven></mvc:annotation-driven>
	<!-- 配置文件上传 -->
	<bean id="multipartResolver"
		class="org.springframework.web.multipart.commons.CommonsMultipartResolver">
		<!-- 指定文件上传过程中提交的数据库的编码 -->
		<property name="defaultEncoding" value="UTF-8"></property>
		<!-- 指定上传文件的保存的临时目录 -->
		<property name="uploadTempDir" value="/upload"></property>
		<!-- 指定上传的文件的最大大小 -->
		<property name="maxUploadSize" value="1024000000"></property>
	</bean>
	<!-- 配置视图解析器 -->
	 <bean class="org.springframework.web.servlet.view.InternalResourceViewResolver">
		<property name="prefix" value="/WEB-INF/jsp/"></property>
		<property name="suffix" value=".jsp"></property>
	 </bean>
	 
	 <!-- 过滤静态资源  请求  css js  png 等直接请求 -->
	 <mvc:default-servlet-handler/>

</beans>