<?xml version="1.0" encoding="UTF-8"?>
<!-- 头文件 -->
<beans xmlns="http://www.springframework.org/schema/beans"
	xmlns:xsi="http://www.w3.org/2001/XMLSchema-instance" 
	xmlns:context="http://www.springframework.org/schema/context"
	xmlns:aop="http://www.springframework.org/schema/aop"
	xmlns:tx="http://www.springframework.org/schema/tx"
	xsi:schemaLocation="http://www.springframework.org/schema/beans
        http://www.springframework.org/schema/beans/spring-beans.xsd
        http://www.springframework.org/schema/context
	    http://www.springframework.org/schema/context/spring-context.xsd
	    http://www.springframework.org/schema/aop
        http://www.springframework.org/schema/aop/spring-aop.xsd
        http://www.springframework.org/schema/tx
		http://www.springframework.org/schema/tx/spring-tx.xsd
        ">
	<!-- 创建数据源	 -->
	<bean id="dataSource" class="org.springframework.jdbc.datasource.DriverManagerDataSource">
		<property name="driverClassName" value="com.mysql.jdbc.Driver"></property>
		<property name="url" value="jdbc:mysql://127.0.0.1:3306/hotelsys"></property>
		<property name="username" value="root"></property>
		<property name="password" value=""></property>
	</bean>
	
	
	<!-- sqlsession工厂 -->
	<bean id="sqlSessionFactory" name="sqlSessionFactory" class="org.mybatis.spring.SqlSessionFactoryBean">
		<!-- 注入dataSource -->
		<property name="dataSource" ref="dataSource"></property>
		<!-- 加载 mybtais.cfg.xml -->
		<property name="configLocation" value="classpath:mybatis.cfg.xml"></property>
		<!-- 如果不想使用mybatis.cfg,xml可以使用以下配置 -->
		<property name="mapperLocations">
			<array>
				<value>classpath:com/sxt/mapping/*.xml</value> 
			</array>
		</property>
		
		<!-- 配置插件 -->
		<!-- <property name="plugins">
			<array>
				<bean class="com.github.pagehelper.PageHelper"></bean>
			</array>
		</property> -->
	</bean>
	
	<!-- mybaits-spring工具扫描mapper接口 -->
	<bean class="org.mybatis.spring.mapper.MapperScannerConfigurer">
		<!-- 提供Mapper接口所在以包 如果有多个包，可以使用,去隔开-->
		<property name="basePackage" value="com.sxt.mapper"></property>
		<!-- 注入sessionFactory -->
		<property name="sqlSessionFactoryBeanName" value="sqlSessionFactory"></property>
	</bean>
	
	
</beans>