<?xml version="1.0" encoding="UTF-8"?>
<!-- 头文件 -->
<beans xmlns="http://www.springframework.org/schema/beans"
	xmlns:xsi="http://www.w3.org/2001/XMLSchema-instance" xmlns:context="http://www.springframework.org/schema/context"
	xmlns:aop="http://www.springframework.org/schema/aop" xmlns:tx="http://www.springframework.org/schema/tx"
	xsi:schemaLocation="http://www.springframework.org/schema/beans
        http://www.springframework.org/schema/beans/spring-beans.xsd
        http://www.springframework.org/schema/context
	    http://www.springframework.org/schema/context/spring-context.xsd
	    http://www.springframework.org/schema/aop
        http://www.springframework.org/schema/aop/spring-aop.xsd
        http://www.springframework.org/schema/tx
		http://www.springframework.org/schema/tx/spring-tx.xsd
        ">
	<!-- 扫描spring组件注解 -->
	<context:component-scan base-package="com.sxt.service.impl"></context:component-scan> 


	<!-- 事务管理器 -->
	<bean id="transactionManager"
		class="org.springframework.jdbc.datasource.DataSourceTransactionManager">
		<property name="dataSource" ref="dataSource"></property>
	</bean>


	<!-- 事务切面 -->
	<tx:advice id="txAdvise" transaction-manager="transactionManager">
		<tx:attributes>
			<!-- 在切面里面如查有方法名是add开头的就加事物 -->
			<tx:method name="add*" propagation="REQUIRED" />
			<tx:method name="save*" propagation="REQUIRED" />
			<tx:method name="delete*" propagation="REQUIRED" />
			<tx:method name="del*" propagation="REQUIRED" />
			<tx:method name="update*" propagation="REQUIRED" />
			<tx:method name="load*" propagation="REQUIRED" />
			<tx:method name="get*" propagation="REQUIRED" />
			<tx:method name="find*" read-only="true" />
			<tx:method name="*" read-only="true" />
		</tx:attributes>
	</tx:advice>
	
	

	<!-- 切入点织入切面 -->
	<aop:config>
		<!-- 声明一个切入点 -->
		<aop:pointcut expression="execution(* com.sxt.service.impl.*.*(..))" id="pc1" /> 
		<!-- <aop:pointcut expression="execution(* com.bjsxt.service.impl.*.*(..))" 
			id="pc2"/> -->
		<aop:advisor advice-ref="txAdvise" pointcut-ref="pc1" /> 
		<!-- <aop:advisor advice-ref="txAdvise" pointcut-ref="pc2"/> -->
	</aop:config>

</beans>